{
  "next-env.d.ts": 1775773259.76961,
  "src/types/color.ts": 1775772923.3048515,
  "src/app/layout.tsx": 1775772923.2678936,
  "src/app/page.tsx": 1775772923.268011,
  "src/components/wizard/PrimaryAccentStep.tsx": 1775772923.293675,
  "src/components/wizard/HueWheel.tsx": 1775772923.28295,
  "src/components/wizard/SecondaryAccentStep.tsx": 1775772923.2972298,
  "src/components/wizard/BackgroundStep.tsx": 1775772923.2779799,
  "src/components/wizard/SystemAccentsStep.tsx": 1775772923.2983088,
  "src/components/wizard/AccentStep.tsx": 1775772923.2734008,
  "src/components/shared/ColorSwatch.tsx": 1775772923.2693865,
  "src/components/preview/LivePreview.tsx": 1775772923.269152,
  "src/components/export/ExportModal.tsx": 1775772923.2686872,
  "src/hooks/useWizard.ts": 1775772923.2988894,
  "src/lib/color/accents.ts": 1775772923.2997406,
  "src/lib/color/contrast.ts": 1775772923.3003757,
  "src/lib/color/palette-v2.ts": 1775779437.8585768,
  "src/lib/color/palette.ts": 1775772923.3034458,
  "src/lib/color/index.ts": 1775772923.3017273,
  "src/lib/color/oklch.ts": 1775772923.3019574,
  "src/lib/color/palette-v2.test.ts": 1775779576.3729858,
  "src/lib/color/hsl.ts": 1775772923.3013873,
  "PRD.md": 1775772923.2650385,
  "README.md": 1775772923.2652159,
  "spec/review-2026-04-09.md": 1775776752.837755,
  "public/file.svg": 1775772923.2671845,
  "public/vercel.svg": 1775772923.2674372,
  "public/next.svg": 1775772923.2673593,
  "public/globe.svg": 1775772923.2672703,
  "public/window.svg": 1775772923.2675154
}