{
  "next-env.d.ts": 1775773259.76961,
  "src/types/color.ts": 1775772923.3048515,
  "src/app/layout.tsx": 1776298735.456743,
  "src/app/page.tsx": 1776298735.4572349,
  "src/providers/ColorProvider.tsx": 1776298735.4765599,
  "src/components/sidebar/ScaleSlider.tsx": 1776298735.4652565,
  "src/components/sidebar/SystemColors.tsx": 1776298735.4655325,
  "src/components/sidebar/AccentSection.tsx": 1776298735.4633272,
  "src/components/sidebar/ContrastDisplay.tsx": 1776298735.4649558,
  "src/components/sidebar/ThemeToggle.tsx": 1776298735.465737,
  "src/components/sidebar/BaseSelection.tsx": 1776298735.4646935,
  "src/components/ui/alert-dialog.tsx": 1776298735.4662454,
  "src/components/ui/card.tsx": 1776298735.4675798,
  "src/components/ui/slider.tsx": 1776298735.4714653,
  "src/components/ui/input-group.tsx": 1776298735.4690626,
  "src/components/ui/popover.tsx": 1776298735.4698386,
  "src/components/ui/progress.tsx": 1776298735.470023,
  "src/components/ui/input-otp.tsx": 1776298735.4692287,
  "src/components/ui/label.tsx": 1776298735.4696689,
  "src/components/ui/sonner.tsx": 1776298735.471628,
  "src/components/ui/accordion.tsx": 1776298735.4660227,
  "src/components/ui/tooltip.tsx": 1776298735.4726355,
  "src/components/ui/alert.tsx": 1776298735.466519,
  "src/components/ui/switch.tsx": 1776298735.4717948,
  "src/components/ui/radio-group.tsx": 1776298735.470302,
  "src/components/ui/command.tsx": 1776298735.46812,
  "src/components/ui/toggle-group.tsx": 1776298735.4723058,
  "src/components/ui/dialog.tsx": 1776298735.4683309,
  "src/components/ui/badge.tsx": 1776298735.466879,
  "src/components/ui/table.tsx": 1776298735.4719672,
  "src/components/ui/separator.tsx": 1776298735.4708905,
  "src/components/ui/button.tsx": 1776298735.4671314,
  "src/components/ui/toggle.tsx": 1776298735.4724662,
  "src/components/ui/checkbox.tsx": 1776298735.4677732,
  "src/components/ui/collapsible.tsx": 1776298735.4679406,
  "src/components/ui/dropdown-menu.tsx": 1776298735.4685898,
  "src/components/ui/select.tsx": 1776298735.470598,
  "src/components/ui/textarea.tsx": 1776298735.472141,
  "src/components/ui/input.tsx": 1776298735.469511,
  "src/components/shell/AppShell.tsx": 1776298735.4623299,
  "src/components/shell/Header.tsx": 1776298735.46273,
  "src/components/shell/Sidebar.tsx": 1776298735.4630198,
  "src/components/wizard/HueWheel.tsx": 1776298735.473125,
  "src/components/shared/ColorSwatch.tsx": 1775772923.2693865,
  "src/components/preview/ComponentGrid.tsx": 1776298735.4590433,
  "src/components/preview/ComponentSection.tsx": 1776298735.4593353,
  "src/components/preview/sections/LayoutSections.tsx": 1776298735.4614449,
  "src/components/preview/sections/OverlaySections.tsx": 1776298735.4616723,
  "src/components/preview/sections/FeedbackSections.tsx": 1776298735.461004,
  "src/components/preview/sections/InputSections.tsx": 1776298735.4612403,
  "src/components/preview/sections/DataSections.tsx": 1776298735.4601657,
  "src/components/preview/sections/ButtonSections.tsx": 1776298735.4597938,
  "src/components/export/ExportModal.tsx": 1776298735.458637,
  "src/hooks/useColorContext.ts": 1776298735.4734485,
  "src/lib/utils.ts": 1776298735.4757447,
  "src/lib/color/accents.ts": 1775772923.2997406,
  "src/lib/color/contrast.ts": 1775772923.3003757,
  "src/lib/color/palette-v2.ts": 1776298735.4746628,
  "src/lib/color/system-colors.test.ts": 1776298735.4750693,
  "src/lib/color/system-colors.ts": 1776298735.4753647,
  "src/lib/color/css-variables.test.ts": 1776298735.4737296,
  "src/lib/color/index.ts": 1776298735.4743004,
  "src/lib/color/oklch.ts": 1775772923.3019574,
  "src/lib/color/palette-v2.test.ts": 1775779576.3729858,
  "src/lib/color/css-variables.ts": 1776298735.4739883,
  "src/lib/color/hsl.ts": 1775772923.3013873,
  "PRD.md": 1775772923.2650385,
  "README.md": 1775772923.2652159,
  "spec/lighthouse-redesign-plan.md": 1776295192.9303894,
  "spec/review-2026-04-09.md": 1775776752.837755,
  "spec/lighthouse-redesign.md": 1776294678.4118829,
  "graphify-out/GRAPH_REPORT.md": 1776299408.9918861,
  "public/file.svg": 1775772923.2671845,
  "public/vercel.svg": 1775772923.2674372,
  "public/next.svg": 1775772923.2673593,
  "public/globe.svg": 1775772923.2672703,
  "public/window.svg": 1775772923.2675154
}